brand,id,title,description,link,image_link,price,availability,condition,google_product_category
Amii Illustrates,yolk/pri,'Yolk' Print,"<p class="""">Size - 140mm x 140mm</p><p class="""">Printed on white card stock - 300gsm</p><p class="""">Hand signed by me!</p><p class="""">UK - Sent via Royal Mail First Class</p><p class="""">Worldwide - Sent via Royal Mail International Standard</p><p class="""">Dispatched within 3 - 5 working days</p>",https://www.amiiillustrates.com/shop/p/yolk-print,"https://images.squarespace-cdn.com/content/v1/5ee10c5720924f51c3ef9d61/1605734089016-BBVNKNWPVUBWSNPZ5MJC/IMG_3443.JPG?format=750w,https://images.squarespace-cdn.com/content/v1/5ee10c5720924f51c3ef9d61/1605734071809-GAXBTCEN8RVQM7E7EE5G/IMG_3473.JPG?format=750w",GBP6.00,In Stock,new,"Home & Garden > Decor > Artwork > Posters, Prints, & Visual Artwork"
Amii Illustrates,lemon/pri,'Lemons' Print,"<p class="""">Size - 140mm x 140mm</p><p class="""">Printed on white card stock - 300gsm</p><p class="""">Hand signed by me!</p><p class="""">UK - Sent via Royal Mail First Class</p><p class="""">Worldwide - Sent via Royal Mail International Standard</p><p class="""">Dispatched within 3 - 5 working days</p>",https://www.amiiillustrates.com/shop/p/lemons-print,"https://images.squarespace-cdn.com/content/v1/5ee10c5720924f51c3ef9d61/1605734001473-7LWFE61RZZEA9XGKPL49/IMG_3442.JPG?format=750w,https://images.squarespace-cdn.com/content/v1/5ee10c5720924f51c3ef9d61/1605734021182-NGLFVDJWI224OCSBP23M/IMG_3472.JPG?format=750w",GBP6.00,In Stock,new,"Home & Garden > Decor > Artwork > Posters, Prints, & Visual Artwork"
Amii Illustrates,worm/pri,'Worm' Print,"<p class="""">Size - 140mm x 140mm</p><p class="""">Printed on white card stock - 300gsm</p><p class="""">Hand signed by me!</p><p class="""">UK - Sent via Royal Mail First Class</p><p class="""">Worldwide - Sent via Royal Mail International Standard</p><p class="""">Dispatched within 3 - 5 working days</p>",https://www.amiiillustrates.com/shop/p/worm-print-1,"https://images.squarespace-cdn.com/content/v1/5ee10c5720924f51c3ef9d61/1605732268294-BV2UPEPKFFTGCM34QLA3/IMG_3409.JPG?format=750w,https://images.squarespace-cdn.com/content/v1/5ee10c5720924f51c3ef9d61/1605732276789-3JO8WOD6RGTP4N5T2K2W/IMG_3456.JPG?format=750w",GBP6.00,In Stock,new,"Home & Garden > Decor > Artwork > Posters, Prints, & Visual Artwork"
Amii Illustrates,honey/pri,'Honey' Print,"<p class="""">Size - 140mm x 140mm</p><p class="""">Printed on white card stock - 300gsm</p><p class="""">Hand signed by me!</p><p class="""">UK - Sent via Royal Mail First Class</p><p class="""">Worldwide - Sent via Royal Mail International Standard</p><p class="""">Dispatched within 3 - 5 working days</p>",https://www.amiiillustrates.com/shop/p/honey-print,"https://images.squarespace-cdn.com/content/v1/5ee10c5720924f51c3ef9d61/1605732967201-I01USIWP96IB4YQMHYZW/IMG_3420.JPG?format=750w,https://images.squarespace-cdn.com/content/v1/5ee10c5720924f51c3ef9d61/1605732959482-L7XUN1FE6PB3QQG6UK2Y/IMG_3463.JPG?format=750w",GBP6.00,In Stock,new,"Home & Garden > Decor > Artwork > Posters, Prints, & Visual Artwork"
Amii Illustrates,releaseme/pri,'Release Me' Print,"<p class="""">Size - 140mm x 140mm</p><p class="""">Printed on white card stock - 300gsm</p><p class="""">Hand signed by me!</p><p class="""">UK - Sent via Royal Mail First Class</p><p class="""">Worldwide - Sent via Royal Mail International Standard</p><p class="""">Dispatched within 3 - 5 working days</p>",https://www.amiiillustrates.com/shop/p/release-me-print,"https://images.squarespace-cdn.com/content/v1/5ee10c5720924f51c3ef9d61/1605734529480-9BJF3HD034V2N43T5YPQ/IMG_3448.JPG?format=750w,https://images.squarespace-cdn.com/content/v1/5ee10c5720924f51c3ef9d61/1605734538324-MDQSOIGM071966WJLOE0/IMG_3477.JPG?format=750w",GBP6.00,In Stock,new,"Home & Garden > Decor > Artwork > Posters, Prints, & Visual Artwork"
Amii Illustrates,fababy/print,'Fat Baby' Print,"<p class="""">Size - 140mm x 140mm</p><p class="""">Printed on white card stock - 300gsm</p><p class="""">Hand signed by me!</p><p class="""">UK - Sent via Royal Mail First Class</p><p class="""">Worldwide - Sent via Royal Mail International Standard</p><p class="""">Dispatched within 3 - 5 working days</p>",https://www.amiiillustrates.com/shop/p/fat-baby-print,"https://images.squarespace-cdn.com/content/v1/5ee10c5720924f51c3ef9d61/1605733285215-TDLZSP8004BNACGLZF7C/IMG_3429.PNG?format=750w,https://images.squarespace-cdn.com/content/v1/5ee10c5720924f51c3ef9d61/1605733317623-3Z9W7JRDLF20SAM9CH2W/IMG_3467.JPG?format=750w",GBP6.00,In Stock,new,"Home & Garden > Decor > Artwork > Posters, Prints, & Visual Artwork"
Amii Illustrates,karen/pri,'Karen' Print,"<p class="""">Size - 140mm x 140mm</p><p class="""">Printed on white card stock - 300gsm</p><p class="""">Hand signed by me!</p><p class="""">UK - Sent via Royal Mail First Class</p><p class="""">Worldwide - Sent via Royal Mail International Standard</p><p class="""">Dispatched within 3 - 5 working days</p>",https://www.amiiillustrates.com/shop/p/karen-print-1,"https://images.squarespace-cdn.com/content/v1/5ee10c5720924f51c3ef9d61/1605733566404-YQOFDILW0UEMUKYCRYUH/IMG_3430.JPG?format=750w,https://images.squarespace-cdn.com/content/v1/5ee10c5720924f51c3ef9d61/1605733552134-QLENLYUBD6H954SDL07O/IMG_3468.JPG?format=750w",GBP6.00,In Stock,new,"Home & Garden > Decor > Artwork > Posters, Prints, & Visual Artwork"
Amii Illustrates,goodboy/pri,'Good Boy' Print,"<p class="""">Size - 140mm x 140mm</p><p class="""">Printed on white card stock - 300gsm</p><p class="""">Hand signed by me!</p><p class="""">UK - Sent via Royal Mail First Class</p><p class="""">Worldwide - Sent via Royal Mail International Standard</p><p class="""">Dispatched within 3 - 5 working days</p>",https://www.amiiillustrates.com/shop/p/good-boy-print,"https://images.squarespace-cdn.com/content/v1/5ee10c5720924f51c3ef9d61/1605734273959-YOU3ERCWMNVXPV05VX9O/IMG_3445.JPG?format=750w,https://images.squarespace-cdn.com/content/v1/5ee10c5720924f51c3ef9d61/1605734315113-XWZ2P4YZ191MWIHQJ8N1/IMG_3475.JPG?format=750w",GBP6.00,In Stock,new,"Home & Garden > Decor > Artwork > Posters, Prints, & Visual Artwork"
Amii Illustrates,earwor/pri,'Early Worm' Print,"<p class="""">Size - 140mm x 180mm</p><p class="""">Printed on white card stock - 300gsm</p><p class="""">Hand signed by me!</p><p class="""">UK - Sent via Royal Mail First Class</p><p class="""">Worldwide - Sent via Royal Mail International Standard</p><p class="""">Dispatched within 3 - 5 working days</p>",https://www.amiiillustrates.com/shop/p/early-worm-print,"https://images.squarespace-cdn.com/content/v1/5ee10c5720924f51c3ef9d61/1610379899393-PG6ZOAPBLOK2LMJV6QW3/IMG_3606.JPG?format=750w,https://images.squarespace-cdn.com/content/v1/5ee10c5720924f51c3ef9d61/1610379831412-3ESX4BBQKDC15R9RGBNN/IMG_3599.JPG?format=750w",GBP6.00,In Stock,new,"Home & Garden > Decor > Artwork > Posters, Prints, & Visual Artwork"
Amii Illustrates,better/pri,'Better' Print,"<p class="""">Size - 140mm x 180mm</p><p class="""">Printed on white card stock - 300gsm</p><p class="""">Hand signed by me!</p><p class="""">UK - Sent via Royal Mail First Class</p><p class="""">Worldwide - Sent via Royal Mail International Standard</p><p class="""">Dispatched within 3 - 5 working days</p>",https://www.amiiillustrates.com/shop/p/better-print,"https://images.squarespace-cdn.com/content/v1/5ee10c5720924f51c3ef9d61/1610976139674-616FOV4OHJILF9Q8IUMG/Untitled_Artwork+23.JPG?format=750w,https://images.squarespace-cdn.com/content/v1/5ee10c5720924f51c3ef9d61/1610976142107-A2ZG36S3D3SRELRO12IM/Untitled_Artwork+24.JPG?format=750w",GBP6.00,In Stock,new,"Home & Garden > Decor > Artwork > Posters, Prints, & Visual Artwork"
Amii Illustrates,tpaste/pri,'Toothpaste' Print,"<p class="""">Size - 140mm x 140mm</p><p class="""">Printed on white card stock - 300gsm</p><p class="""">Hand signed by me!</p><p class="""">UK - Sent via Royal Mail First Class</p><p class="""">Worldwide - Sent via Royal Mail International Standard</p><p class="""">Dispatched within 3 - 5 working days</p>",https://www.amiiillustrates.com/shop/p/toothpaste-print,"https://images.squarespace-cdn.com/content/v1/5ee10c5720924f51c3ef9d61/1614701945803-KGTWVAX00OVFE82AVIWA/IMG_4025.JPG?format=750w,https://images.squarespace-cdn.com/content/v1/5ee10c5720924f51c3ef9d61/1614701958019-GNVXSPVNN92VJ63IF220/IMG_4026.JPG?format=750w",GBP6.00,In Stock,new,"Home & Garden > Decor > Artwork > Posters, Prints, & Visual Artwork"
Amii Illustrates,goodboy/stick,'Good Boy' Stickers,"<p class="""" style=""white-space:pre-wrap;"">‘Good Boy’ Stickers</p>",https://www.amiiillustrates.com/shop/p/good-boy-stickers,"https://images.squarespace-cdn.com/content/v1/5ee10c5720924f51c3ef9d61/1612191228282-G9M16W6BFCNK4BO34P2M/IMG_3820.JPG?format=750w,https://images.squarespace-cdn.com/content/v1/5ee10c5720924f51c3ef9d61/1612191234454-WB4NSE7C6A9CVTUA7BFQ/Good+Boy.jpg?format=750w",GBP4.00,In Stock,new,"Home & Garden > Decor > Artwork > Posters, Prints, & Visual Artwork"
Amii Illustrates,assumclub/pri,'Assumption Club' Print,"<p class="""">Size - 140mm x 140mm</p><p class="""">Printed on white card stock - 300gsm</p><p class="""">Hand signed by me!</p><p class="""">UK - Sent via Royal Mail First Class</p><p class="""">Worldwide - Sent via Royal Mail International Standard</p><p class="""">Dispatched within 3 - 5 working days</p>",https://www.amiiillustrates.com/shop/p/assumption-club-print,"https://images.squarespace-cdn.com/content/v1/5ee10c5720924f51c3ef9d61/1644598617156-5CS40GIN9MQ1ZGKUTTDM/IMG_5167.JPG?format=750w,https://images.squarespace-cdn.com/content/v1/5ee10c5720924f51c3ef9d61/1644598618493-G0LGOH193DO755N9G0XA/IMG_5168.JPG?format=750w",GBP6.00,In Stock,new,"Home & Garden > Decor > Artwork > Posters, Prints, & Visual Artwork"
Amii Illustrates,birdie/pri,'Little Birdie' Print,"<p class="""">Size - 140mm x 140mm</p><p class="""">Printed on white card stock - 300gsm</p><p class="""">Hand signed by me!</p><p class="""">UK - Sent via Royal Mail First Class</p><p class="""">Worldwide - Sent via Royal Mail International Standard</p><p class="""">Dispatched within 3 - 5 working days</p>",https://www.amiiillustrates.com/shop/p/little-birdie-print,"https://images.squarespace-cdn.com/content/v1/5ee10c5720924f51c3ef9d61/1677767577102-W6SAB0F7HKHKIHSC2ZMH/birdie+print+mock.jpg?format=750w,https://images.squarespace-cdn.com/content/v1/5ee10c5720924f51c3ef9d61/1677767581956-4PV7GEZZLV0ZTOMSFXE0/birdie+frame+mock.jpg?format=750w",GBP6.00,In Stock,new,"Home & Garden > Decor > Artwork > Posters, Prints, & Visual Artwork"
Amii Illustrates,stay/pri,'Stay' Print,"<p class="""">Size - 140mm x 140mm</p><p class="""">Printed on white card stock - 300gsm</p><p class="""">Hand signed by me!</p><p class="""">UK - Sent via Royal Mail First Class</p><p class="""">Worldwide - Sent via Royal Mail International Standard</p><p class="""">Dispatched within 3 - 5 working days</p>",https://www.amiiillustrates.com/shop/p/stay-print,"https://images.squarespace-cdn.com/content/v1/5ee10c5720924f51c3ef9d61/1678115220265-RYY6HECTYPRKX3GM05FJ/stay+frame.jpg?format=750w,https://images.squarespace-cdn.com/content/v1/5ee10c5720924f51c3ef9d61/1678115221307-LY5UZ20NLV3GXS3AY0KZ/stay+print.jpg?format=750w",GBP6.00,In Stock,new,"Home & Garden > Decor > Artwork > Posters, Prints, & Visual Artwork"
Amii Illustrates,cow/pack,Cow Pack,"<p class="""">A special collection of mini cows just vibing in their fields. </p><p class="""">Contains: 2 x A5 prints, 1 x sticker sheet and 1 x zine</p>",https://www.amiiillustrates.com/shop/p/cowpack,"https://images.squarespace-cdn.com/content/v1/5ee10c5720924f51c3ef9d61/1679562790612-Y5QO4GB7W9TH0TRM84W2/Cow+pack+mockup.JPG?format=750w,https://images.squarespace-cdn.com/content/v1/5ee10c5720924f51c3ef9d61/1679581835546-8L2IRZINNKZ2WH32SNH2/Prints+mockup.png?format=750w,https://images.squarespace-cdn.com/content/v1/5ee10c5720924f51c3ef9d61/1679581833654-3OW9H1BBBIOVXLIH6VB2/sticker+sheet+mockup.png?format=750w,https://images.squarespace-cdn.com/content/v1/5ee10c5720924f51c3ef9d61/1679581830553-4PRM3WR35I284UHFM9W0/Zine+mockup.png?format=750w,https://images.squarespace-cdn.com/content/v1/5ee10c5720924f51c3ef9d61/1679501124884-LOG3GTLKBRDQOU02Q59T/Overhead+Cow+Photo+Final.png?format=750w",GBP18.00,In Stock,new,"Home & Garden > Decor > Artwork > Posters, Prints, & Visual Artwork"
